air_force_blue_(raf),"""Air Force Blue (Raf)""",#000000,93,138,168
air_force_blue_(usaf),"""Air Force Blue (Usaf)""",#000000,0,48,143
air_superiority_blue,"""Air Superiority Blue""",#000000,114,160,193
alabama_crimson,"""Alabama Crimson""",#000000,163,38,56
alice_blue,"""Alice Blue""",#000000,240,248,255
alizarin_crimson,"""Alizarin Crimson""",#000000,227,38,54
alloy_orange,"""Alloy Orange""",#000000,196,98,16
almond,"""Almond""",#000000,239,222,205
amaranth,"""Amaranth""",#000000,229,43,80
amber,"""Amber""",#000000,255,191,0
amber_(sae_ece),"""Amber (Sae/Ece)""",#000000,255,126,0
american_rose,"""American Rose""",#000000,255,3,62
amethyst,"""Amethyst""",#000000,153,102,204
android_green,"""Android Green""",#000000,164,198,57
anti-flash_white,"""Anti-Flash White""",#000000,242,243,244
antique_brass,"""Antique Brass""",#000000,205,149,117
antique_fuchsia,"""Antique Fuchsia""",#000000,145,92,131
antique_ruby,"""Antique Ruby""",#000000,132,27,45
antique_white,"""Antique White""",#000000,250,235,215
ao_(english),"""Ao (English)""",#000000,0,128,0
apple_green,"""Apple Green""",#000000,141,182,0
apricot,"""Apricot""",#000000,251,206,177
aqua,"""Aqua""",#000000,0,255,255
aquamarine,"""Aquamarine""",#000000,127,255,212
army_green,"""Army Green""",#000000,75,83,32
arsenic,"""Arsenic""",#000000,59,68,75
arylide_yellow,"""Arylide Yellow""",#000000,233,214,107
ash_grey,"""Ash Grey""",#000000,178,190,181
asparagus,"""Asparagus""",#000000,135,169,107
atomic_tangerine,"""Atomic Tangerine""",#000000,255,153,102
auburn,"""Auburn""",#000000,165,42,42
aureolin,"""Aureolin""",#000000,253,238,0
aurometalsaurus,"""Aurometalsaurus""",#000000,110,127,128
avocado,"""Avocado""",#000000,86,130,3
azure,"""Azure""",#000000,0,127,255
azure_mist_web,"""Azure Mist/Web""",#000000,240,255,255
baby_blue,"""Baby Blue""",#000000,137,207,240
baby_blue_eyes,"""Baby Blue Eyes""",#000000,161,202,241
baby_pink,"""Baby Pink""",#000000,244,194,194
ball_blue,"""Ball Blue""",#000000,33,171,205
banana_mania,"""Banana Mania""",#000000,250,231,181
banana_yellow,"""Banana Yellow""",#000000,255,225,53
barn_red,"""Barn Red""",#000000,124,10,2
battleship_grey,"""Battleship Grey""",#000000,132,132,130
bazaar,"""Bazaar""",#000000,152,119,123
beau_blue,"""Beau Blue""",#000000,188,212,230
beaver,"""Beaver""",#000000,159,129,112
beige,"""Beige""",#000000,245,245,220
big_dip_o’ruby,"""Big Dip O’Ruby""",#000000,156,37,66
bisque,"""Bisque""",#000000,255,228,196
bistre,"""Bistre""",#000000,61,43,31
bittersweet,"""Bittersweet""",#000000,254,111,94
bittersweet_shimmer,"""Bittersweet Shimmer""",#000000,191,79,81
black,"""Black""",#000000,0,0,0
black_bean,"""Black Bean""",#000000,61,12,2
black_leather_jacket,"""Black Leather Jacket""",#000000,37,53,41
black_olive,"""Black Olive""",#000000,59,60,54
blanched_almond,"""Blanched Almond""",#000000,255,235,205
blast-off_bronze,"""Blast-Off Bronze""",#000000,165,113,100
bleu_de_france,"""Bleu De France""",#000000,49,140,231
blizzard_blue,"""Blizzard Blue""",#000000,172,229,238
blond,"""Blond""",#000000,250,240,190
blue,"""Blue""",#000000,0,0,255
blue_bell,"""Blue Bell""",#000000,162,162,208
blue_(crayola),"""Blue (Crayola)""",#000000,31,117,254
blue_gray,"""Blue Gray""",#000000,102,153,204
blue-green,"""Blue-Green""",#000000,13,152,186
blue_(munsell),"""Blue (Munsell)""",#000000,0,147,175
blue_(ncs),"""Blue (Ncs)""",#000000,0,135,189
blue_(pigment),"""Blue (Pigment)""",#000000,51,51,153
blue_(ryb),"""Blue (Ryb)""",#000000,2,71,254
blue_sapphire,"""Blue Sapphire""",#000000,18,97,128
blue-violet,"""Blue-Violet""",#000000,138,43,226
blush,"""Blush""",#000000,222,93,131
bole,"""Bole""",#000000,121,68,59
bondi_blue,"""Bondi Blue""",#000000,0,149,182
bone,"""Bone""",#000000,227,218,201
boston_university_red,"""Boston University Red""",#000000,204,0,0
bottle_green,"""Bottle Green""",#000000,0,106,78
boysenberry,"""Boysenberry""",#000000,135,50,96
brandeis_blue,"""Brandeis Blue""",#000000,0,112,255
brass,"""Brass""",#000000,181,166,66
brick_red,"""Brick Red""",#000000,203,65,84
bright_cerulean,"""Bright Cerulean""",#000000,29,172,214
bright_green,"""Bright Green""",#000000,102,255,0
bright_lavender,"""Bright Lavender""",#000000,191,148,228
bright_maroon,"""Bright Maroon""",#000000,195,33,72
bright_pink,"""Bright Pink""",#000000,255,0,127
bright_turquoise,"""Bright Turquoise""",#000000,8,232,222
bright_ube,"""Bright Ube""",#000000,209,159,232
brilliant_lavender,"""Brilliant Lavender""",#000000,244,187,255
brilliant_rose,"""Brilliant Rose""",#000000,255,85,163
brink_pink,"""Brink Pink""",#000000,251,96,127
british_racing_green,"""British Racing Green""",#000000,0,66,37
bronze,"""Bronze""",#000000,205,127,50
brown_(traditional),"""Brown (Traditional)""",#000000,150,75,0
bubble_gum,"""Bubble Gum""",#000000,255,193,204
bubbles,"""Bubbles""",#000000,231,254,255
buff,"""Buff""",#000000,240,220,130
bulgarian_rose,"""Bulgarian Rose""",#000000,72,6,7
burgundy,"""Burgundy""",#000000,128,0,32
burlywood,"""Burlywood""",#000000,222,184,135
burnt_orange,"""Burnt Orange""",#000000,204,85,0
burnt_sienna,"""Burnt Sienna""",#000000,233,116,81
burnt_umber,"""Burnt Umber""",#000000,138,51,36
byzantine,"""Byzantine""",#000000,189,51,164
byzantium,"""Byzantium""",#000000,112,41,99
cadet,"""Cadet""",#000000,83,104,114
cadet_blue,"""Cadet Blue""",#000000,95,158,160
cadet_grey,"""Cadet Grey""",#000000,145,163,176
cadmium_green,"""Cadmium Green""",#000000,0,107,60
cadmium_orange,"""Cadmium Orange""",#000000,237,135,45
cadmium_red,"""Cadmium Red""",#000000,227,0,34
cadmium_yellow,"""Cadmium Yellow""",#000000,255,246,0
café_au_lait,"""Café Au Lait""",#000000,166,123,91
café_noir,"""Café Noir""",#000000,75,54,33
cal_poly_green,"""Cal Poly Green""",#000000,30,77,43
cambridge_blue,"""Cambridge Blue""",#000000,163,193,173
camel,"""Camel""",#000000,193,154,107
cameo_pink,"""Cameo Pink""",#000000,239,187,204
camouflage_green,"""Camouflage Green""",#000000,120,134,107
canary_yellow,"""Canary Yellow""",#000000,255,239,0
candy_apple_red,"""Candy Apple Red""",#000000,255,8,0
candy_pink,"""Candy Pink""",#000000,228,113,122
capri,"""Capri""",#000000,0,191,255
caput_mortuum,"""Caput Mortuum""",#000000,89,39,32
cardinal,"""Cardinal""",#000000,196,30,58
caribbean_green,"""Caribbean Green""",#000000,0,204,153
carmine,"""Carmine""",#000000,150,0,24
carmine_(m&p),"""Carmine (M&P)""",#000000,215,0,64
carmine_pink,"""Carmine Pink""",#000000,235,76,66
carmine_red,"""Carmine Red""",#000000,255,0,56
carnation_pink,"""Carnation Pink""",#000000,255,166,201
carnelian,"""Carnelian""",#000000,179,27,27
carolina_blue,"""Carolina Blue""",#000000,153,186,221
carrot_orange,"""Carrot Orange""",#000000,237,145,33
catalina_blue,"""Catalina Blue""",#000000,6,42,120
ceil,"""Ceil""",#000000,146,161,207
celadon,"""Celadon""",#000000,172,225,175
celadon_blue,"""Celadon Blue""",#000000,0,123,167
celadon_green,"""Celadon Green""",#000000,47,132,124
celeste_(colour),"""Celeste (Colour)""",#000000,178,255,255
celestial_blue,"""Celestial Blue""",#000000,73,151,208
cerise,"""Cerise""",#000000,222,49,99
cerise_pink,"""Cerise Pink""",#000000,236,59,131
cerulean_blue,"""Cerulean Blue""",#000000,42,82,190
cerulean_frost,"""Cerulean Frost""",#000000,109,155,195
cg_blue,"""Cg Blue""",#000000,0,122,165
cg_red,"""Cg Red""",#000000,224,60,49
chamoisee,"""Chamoisee""",#000000,160,120,90
champagne,"""Champagne""",#000000,250,214,165
charcoal,"""Charcoal""",#000000,54,69,79
charm_pink,"""Charm Pink""",#000000,230,143,172
chartreuse_(traditional),"""Chartreuse (Traditional)""",#000000,223,255,0
chartreuse_(web),"""Chartreuse (Web)""",#000000,127,255,0
cherry_blossom_pink,"""Cherry Blossom Pink""",#000000,255,183,197
chestnut,"""Chestnut""",#000000,205,92,92
china_pink,"""China Pink""",#000000,222,111,161
china_rose,"""China Rose""",#000000,168,81,110
chinese_red,"""Chinese Red""",#000000,170,56,30
chocolate_(traditional),"""Chocolate (Traditional)""",#000000,123,63,0
chocolate_(web),"""Chocolate (Web)""",#000000,210,105,30
chrome_yellow,"""Chrome Yellow""",#000000,255,167,0
cinereous,"""Cinereous""",#000000,152,129,123
cinnabar,"""Cinnabar""",#000000,227,66,52
citrine,"""Citrine""",#000000,228,208,10
classic_rose,"""Classic Rose""",#000000,251,204,231
cobalt,"""Cobalt""",#000000,0,71,171
coffee,"""Coffee""",#000000,111,78,55
columbia_blue,"""Columbia Blue""",#000000,155,221,255
congo_pink,"""Congo Pink""",#000000,248,131,121
cool_black,"""Cool Black""",#000000,0,46,99
cool_grey,"""Cool Grey""",#000000,140,146,172
copper,"""Copper""",#000000,184,115,51
copper_(crayola),"""Copper (Crayola)""",#000000,218,138,103
copper_penny,"""Copper Penny""",#000000,173,111,105
copper_red,"""Copper Red""",#000000,203,109,81
copper_rose,"""Copper Rose""",#000000,153,102,102
coquelicot,"""Coquelicot""",#000000,255,56,0
coral,"""Coral""",#000000,255,127,80
coral_red,"""Coral Red""",#000000,255,64,64
cordovan,"""Cordovan""",#000000,137,63,69
corn,"""Corn""",#000000,251,236,93
cornflower_blue,"""Cornflower Blue""",#000000,100,149,237
cornsilk,"""Cornsilk""",#000000,255,248,220
cosmic_latte,"""Cosmic Latte""",#000000,255,248,231
cotton_candy,"""Cotton Candy""",#000000,255,188,217
cream,"""Cream""",#000000,255,253,208
crimson,"""Crimson""",#000000,220,20,60
crimson_glory,"""Crimson Glory""",#000000,190,0,50
cyan_(process),"""Cyan (Process)""",#000000,0,183,235
daffodil,"""Daffodil""",#000000,255,255,49
dandelion,"""Dandelion""",#000000,240,225,48
dark_blue,"""Dark Blue""",#000000,0,0,139
dark_brown,"""Dark Brown""",#000000,101,67,33
dark_byzantium,"""Dark Byzantium""",#000000,93,57,84
dark_candy_apple_red,"""Dark Candy Apple Red""",#000000,164,0,0
dark_cerulean,"""Dark Cerulean""",#000000,8,69,126
dark_chestnut,"""Dark Chestnut""",#000000,152,105,96
dark_coral,"""Dark Coral""",#000000,205,91,69
dark_cyan,"""Dark Cyan""",#000000,0,139,139
dark_electric_blue,"""Dark Electric Blue""",#000000,83,104,120
dark_goldenrod,"""Dark Goldenrod""",#000000,184,134,11
dark_gray,"""Dark Gray""",#000000,169,169,169
dark_green,"""Dark Green""",#000000,1,50,32
dark_imperial_blue,"""Dark Imperial Blue""",#000000,0,65,106
dark_jungle_green,"""Dark Jungle Green""",#000000,26,36,33
dark_khaki,"""Dark Khaki""",#000000,189,183,107
dark_lava,"""Dark Lava""",#000000,72,60,50
dark_lavender,"""Dark Lavender""",#000000,115,79,150
dark_magenta,"""Dark Magenta""",#000000,139,0,139
dark_midnight_blue,"""Dark Midnight Blue""",#000000,0,51,102
dark_olive_green,"""Dark Olive Green""",#000000,85,107,47
dark_orange,"""Dark Orange""",#000000,255,140,0
dark_orchid,"""Dark Orchid""",#000000,153,50,204
dark_pastel_blue,"""Dark Pastel Blue""",#000000,119,158,203
dark_pastel_green,"""Dark Pastel Green""",#000000,3,192,60
dark_pastel_purple,"""Dark Pastel Purple""",#000000,150,111,214
dark_pastel_red,"""Dark Pastel Red""",#000000,194,59,34
dark_pink,"""Dark Pink""",#000000,231,84,128
dark_powder_blue,"""Dark Powder Blue""",#000000,0,51,153
dark_raspberry,"""Dark Raspberry""",#000000,135,38,87
dark_red,"""Dark Red""",#000000,139,0,0
dark_salmon,"""Dark Salmon""",#000000,233,150,122
dark_scarlet,"""Dark Scarlet""",#000000,86,3,25
dark_sea_green,"""Dark Sea Green""",#000000,143,188,143
dark_sienna,"""Dark Sienna""",#000000,60,20,20
dark_slate_blue,"""Dark Slate Blue""",#000000,72,61,139
dark_slate_gray,"""Dark Slate Gray""",#000000,47,79,79
dark_spring_green,"""Dark Spring Green""",#000000,23,114,69
dark_tan,"""Dark Tan""",#000000,145,129,81
dark_tangerine,"""Dark Tangerine""",#000000,255,168,18
dark_terra_cotta,"""Dark Terra Cotta""",#000000,204,78,92
dark_turquoise,"""Dark Turquoise""",#000000,0,206,209
dark_violet,"""Dark Violet""",#000000,148,0,211
dark_yellow,"""Dark Yellow""",#000000,155,135,12
dartmouth_green,"""Dartmouth Green""",#000000,0,112,60
davy's_grey,"""Davy'S Grey""",#000000,85,85,85
debian_red,"""Debian Red""",#000000,215,10,83
deep_carmine,"""Deep Carmine""",#000000,169,32,62
deep_carmine_pink,"""Deep Carmine Pink""",#000000,239,48,56
deep_carrot_orange,"""Deep Carrot Orange""",#000000,233,105,44
deep_cerise,"""Deep Cerise""",#000000,218,50,135
deep_chestnut,"""Deep Chestnut""",#000000,185,78,72
deep_coffee,"""Deep Coffee""",#000000,112,66,65
deep_fuchsia,"""Deep Fuchsia""",#000000,193,84,193
deep_jungle_green,"""Deep Jungle Green""",#000000,0,75,73
deep_lilac,"""Deep Lilac""",#000000,153,85,187
deep_magenta,"""Deep Magenta""",#000000,204,0,204
deep_peach,"""Deep Peach""",#000000,255,203,164
deep_pink,"""Deep Pink""",#000000,255,20,147
deep_ruby,"""Deep Ruby""",#000000,132,63,91
deep_saffron,"""Deep Saffron""",#000000,255,153,51
deep_tuscan_red,"""Deep Tuscan Red""",#000000,102,66,77
denim,"""Denim""",#000000,21,96,189
desert_sand,"""Desert Sand""",#000000,237,201,175
dim_gray,"""Dim Gray""",#000000,105,105,105
dodger_blue,"""Dodger Blue""",#000000,30,144,255
dogwood_rose,"""Dogwood Rose""",#000000,215,24,104
dollar_bill,"""Dollar Bill""",#000000,133,187,101
drab,"""Drab""",#000000,150,113,23
duke_blue,"""Duke Blue""",#000000,0,0,156
earth_yellow,"""Earth Yellow""",#000000,225,169,95
ebony,"""Ebony""",#000000,85,93,80
ecru,"""Ecru""",#000000,194,178,128
eggplant,"""Eggplant""",#000000,97,64,81
eggshell,"""Eggshell""",#000000,240,234,214
egyptian_blue,"""Egyptian Blue""",#000000,16,52,166
electric_blue,"""Electric Blue""",#000000,125,249,255
electric_crimson,"""Electric Crimson""",#000000,255,0,63
electric_green,"""Electric Green""",#000000,0,255,0
electric_indigo,"""Electric Indigo""",#000000,111,0,255
electric_lime,"""Electric Lime""",#000000,204,255,0
electric_purple,"""Electric Purple""",#000000,191,0,255
electric_ultramarine,"""Electric Ultramarine""",#000000,63,0,255
electric_violet,"""Electric Violet""",#000000,143,0,255
electric_yellow,"""Electric Yellow""",#000000,255,255,0
emerald,"""Emerald""",#000000,80,200,120
english_lavender,"""English Lavender""",#000000,180,131,149
eton_blue,"""Eton Blue""",#000000,150,200,162
falu_red,"""Falu Red""",#000000,128,24,24
fandango,"""Fandango""",#000000,181,51,137
fashion_fuchsia,"""Fashion Fuchsia""",#000000,244,0,161
fawn,"""Fawn""",#000000,229,170,112
feldgrau,"""Feldgrau""",#000000,77,93,83
fern_green,"""Fern Green""",#000000,79,121,66
ferrari_red,"""Ferrari Red""",#000000,255,40,0
field_drab,"""Field Drab""",#000000,108,84,30
fire_engine_red,"""Fire Engine Red""",#000000,206,32,41
firebrick,"""Firebrick""",#000000,178,34,34
flame,"""Flame""",#000000,226,88,34
flamingo_pink,"""Flamingo Pink""",#000000,252,142,172
flavescent,"""Flavescent""",#000000,247,233,142
flax,"""Flax""",#000000,238,220,130
floral_white,"""Floral White""",#000000,255,250,240
folly,"""Folly""",#000000,255,0,79
forest_green_(traditional),"""Forest Green (Traditional)""",#000000,1,68,33
forest_green_(web),"""Forest Green (Web)""",#000000,34,139,34
french_blue,"""French Blue""",#000000,0,114,187
french_lilac,"""French Lilac""",#000000,134,96,142
french_raspberry,"""French Raspberry""",#000000,199,44,72
french_rose,"""French Rose""",#000000,246,74,138
fuchsia,"""Fuchsia""",#000000,255,0,255
fuchsia_pink,"""Fuchsia Pink""",#000000,255,119,255
fuchsia_rose,"""Fuchsia Rose""",#000000,199,67,117
fulvous,"""Fulvous""",#000000,228,132,0
fuzzy_wuzzy,"""Fuzzy Wuzzy""",#000000,204,102,102
gainsboro,"""Gainsboro""",#000000,220,220,220
gamboge,"""Gamboge""",#000000,228,155,15
ghost_white,"""Ghost White""",#000000,248,248,255
ginger,"""Ginger""",#000000,176,101,0
glaucous,"""Glaucous""",#000000,96,130,182
glitter,"""Glitter""",#000000,230,232,250
gold_(metallic),"""Gold (Metallic)""",#000000,212,175,55
gold_(web)_(golden),"""Gold (Web) (Golden)""",#000000,255,215,0
golden_brown,"""Golden Brown""",#000000,153,101,21
golden_poppy,"""Golden Poppy""",#000000,252,194,0
golden_yellow,"""Golden Yellow""",#000000,255,223,0
goldenrod,"""Goldenrod""",#000000,218,165,32
granny_smith_apple,"""Granny Smith Apple""",#000000,168,228,160
gray,"""Gray""",#000000,128,128,128
gray-asparagus,"""Gray-Asparagus""",#000000,70,89,69
gray_(x11_gray),"""Gray (X11 Gray)""",#000000,190,190,190
green_(crayola),"""Green (Crayola)""",#000000,28,172,120
green_(munsell),"""Green (Munsell)""",#000000,0,168,119
green_(ncs),"""Green (Ncs)""",#000000,0,159,107
green_(pigment),"""Green (Pigment)""",#000000,0,165,80
green_(ryb),"""Green (Ryb)""",#000000,102,176,50
green-yellow,"""Green-Yellow""",#000000,173,255,47
grullo,"""Grullo""",#000000,169,154,134
guppie_green,"""Guppie Green""",#000000,0,255,127
halayà_úbe,"""Halayà úBe""",#000000,102,56,84
han_blue,"""Han Blue""",#000000,68,108,207
han_purple,"""Han Purple""",#000000,82,24,250
harlequin,"""Harlequin""",#000000,63,255,0
harvard_crimson,"""Harvard Crimson""",#000000,201,0,22
harvest_gold,"""Harvest Gold""",#000000,218,145,0
heart_gold,"""Heart Gold""",#000000,128,128,0
heliotrope,"""Heliotrope""",#000000,223,115,255
honeydew,"""Honeydew""",#000000,240,255,240
honolulu_blue,"""Honolulu Blue""",#000000,0,127,191
hooker's_green,"""Hooker'S Green""",#000000,73,121,107
hot_magenta,"""Hot Magenta""",#000000,255,29,206
hot_pink,"""Hot Pink""",#000000,255,105,180
hunter_green,"""Hunter Green""",#000000,53,94,59
iceberg,"""Iceberg""",#000000,113,166,210
icterine,"""Icterine""",#000000,252,247,94
imperial_blue,"""Imperial Blue""",#000000,0,35,149
inchworm,"""Inchworm""",#000000,178,236,93
india_green,"""India Green""",#000000,19,136,8
indian_yellow,"""Indian Yellow""",#000000,227,168,87
indigo_(web),"""Indigo (Web)""",#000000,75,0,130
international_klein_blue,"""International Klein Blue""",#000000,0,47,167
international_orange_(aerospace),"""International Orange (Aerospace)""",#000000,255,79,0
international_orange_(engineering),"""International Orange (Engineering)""",#000000,186,22,12
international_orange_(golden_gate_bridge),"""International Orange (Golden Gate Bridge)""",#000000,192,54,44
iris,"""Iris""",#000000,90,79,207
isabelline,"""Isabelline""",#000000,244,240,236
islamic_green,"""Islamic Green""",#000000,0,144,0
ivory,"""Ivory""",#000000,255,255,240
jade,"""Jade""",#000000,0,168,107
jasmine,"""Jasmine""",#000000,248,222,126
jasper,"""Jasper""",#000000,215,59,62
jazzberry_jam,"""Jazzberry Jam""",#000000,165,11,94
jet,"""Jet""",#000000,52,52,52
jonquil,"""Jonquil""",#000000,250,218,94
june_bud,"""June Bud""",#000000,189,218,87
jungle_green,"""Jungle Green""",#000000,41,171,135
kelly_green,"""Kelly Green""",#000000,76,187,23
kenyan_copper,"""Kenyan Copper""",#000000,124,28,5
khaki_(html_css)_(khaki),"""Khaki (Html/Css) (Khaki)""",#000000,195,176,145
khaki_(x11)_(light_khaki),"""Khaki (X11) (Light Khaki)""",#000000,240,230,140
ku_crimson,"""Ku Crimson""",#000000,232,0,13
la_salle_green,"""La Salle Green""",#000000,8,120,48
languid_lavender,"""Languid Lavender""",#000000,214,202,221
lapis_lazuli,"""Lapis Lazuli""",#000000,38,97,156
laser_lemon,"""Laser Lemon""",#000000,254,254,34
laurel_green,"""Laurel Green""",#000000,169,186,157
lava,"""Lava""",#000000,207,16,32
lavender_blue,"""Lavender Blue""",#000000,204,204,255
lavender_blush,"""Lavender Blush""",#000000,255,240,245
lavender_(floral),"""Lavender (Floral)""",#000000,181,126,220
lavender_gray,"""Lavender Gray""",#000000,196,195,208
lavender_indigo,"""Lavender Indigo""",#000000,148,87,235
lavender_magenta,"""Lavender Magenta""",#000000,238,130,238
lavender_mist,"""Lavender Mist""",#000000,230,230,250
lavender_pink,"""Lavender Pink""",#000000,251,174,210
lavender_purple,"""Lavender Purple""",#000000,150,123,182
lavender_rose,"""Lavender Rose""",#000000,251,160,227
lawn_green,"""Lawn Green""",#000000,124,252,0
lemon,"""Lemon""",#000000,255,247,0
lemon_chiffon,"""Lemon Chiffon""",#000000,255,250,205
lemon_lime,"""Lemon Lime""",#000000,227,255,0
licorice,"""Licorice""",#000000,26,17,16
light_apricot,"""Light Apricot""",#000000,253,213,177
light_blue,"""Light Blue""",#000000,173,216,230
light_brown,"""Light Brown""",#000000,181,101,29
light_carmine_pink,"""Light Carmine Pink""",#000000,230,103,113
light_coral,"""Light Coral""",#000000,240,128,128
light_cornflower_blue,"""Light Cornflower Blue""",#000000,147,204,234
light_crimson,"""Light Crimson""",#000000,245,105,145
light_cyan,"""Light Cyan""",#000000,224,255,255
light_fuchsia_pink,"""Light Fuchsia Pink""",#000000,249,132,239
light_goldenrod_yellow,"""Light Goldenrod Yellow""",#000000,250,250,210
light_gray,"""Light Gray""",#000000,211,211,211
light_green,"""Light Green""",#000000,144,238,144
light_pastel_purple,"""Light Pastel Purple""",#000000,177,156,217
light_pink,"""Light Pink""",#000000,255,182,193
light_salmon,"""Light Salmon""",#000000,255,160,122
light_salmon_pink,"""Light Salmon Pink""",#000000,255,153,153
light_sea_green,"""Light Sea Green""",#000000,32,178,170
light_sky_blue,"""Light Sky Blue""",#000000,135,206,250
light_slate_gray,"""Light Slate Gray""",#000000,119,136,153
light_taupe,"""Light Taupe""",#000000,179,139,109
light_yellow,"""Light Yellow""",#000000,255,255,224
lilac,"""Lilac""",#000000,200,162,200
lime_(color_wheel),"""Lime (Color Wheel)""",#000000,191,255,0
lime_green,"""Lime Green""",#000000,50,205,50
limerick,"""Limerick""",#000000,157,194,9
lincoln_green,"""Lincoln Green""",#000000,25,89,5
linen,"""Linen""",#000000,250,240,230
little_boy_blue,"""Little Boy Blue""",#000000,108,160,220
liver,"""Liver""",#000000,83,75,79
lust,"""Lust""",#000000,230,32,32
magenta_(dye),"""Magenta (Dye)""",#000000,202,31,123
magenta_(process),"""Magenta (Process)""",#000000,255,0,144
magic_mint,"""Magic Mint""",#000000,170,240,209
magnolia,"""Magnolia""",#000000,248,244,255
mahogany,"""Mahogany""",#000000,192,64,0
majorelle_blue,"""Majorelle Blue""",#000000,96,80,220
malachite,"""Malachite""",#000000,11,218,81
manatee,"""Manatee""",#000000,151,154,170
mango_tango,"""Mango Tango""",#000000,255,130,67
mantis,"""Mantis""",#000000,116,195,101
mardi_gras,"""Mardi Gras""",#000000,136,0,133
maroon_(html_css),"""Maroon (Html/Css)""",#000000,128,0,0
maroon_(x11),"""Maroon (X11)""",#000000,176,48,96
mauve,"""Mauve""",#000000,224,176,255
mauve_taupe,"""Mauve Taupe""",#000000,145,95,109
mauvelous,"""Mauvelous""",#000000,239,152,170
maya_blue,"""Maya Blue""",#000000,115,194,251
meat_brown,"""Meat Brown""",#000000,229,183,59
medium_aquamarine,"""Medium Aquamarine""",#000000,102,221,170
medium_blue,"""Medium Blue""",#000000,0,0,205
medium_candy_apple_red,"""Medium Candy Apple Red""",#000000,226,6,44
medium_carmine,"""Medium Carmine""",#000000,175,64,53
medium_champagne,"""Medium Champagne""",#000000,243,229,171
medium_electric_blue,"""Medium Electric Blue""",#000000,3,80,150
medium_jungle_green,"""Medium Jungle Green""",#000000,28,53,45
medium_lavender_magenta,"""Medium Lavender Magenta""",#000000,221,160,221
medium_orchid,"""Medium Orchid""",#000000,186,85,211
medium_persian_blue,"""Medium Persian Blue""",#000000,0,103,165
medium_purple,"""Medium Purple""",#000000,147,112,219
medium_red-violet,"""Medium Red-Violet""",#000000,187,51,133
medium_ruby,"""Medium Ruby""",#000000,170,64,105
medium_sea_green,"""Medium Sea Green""",#000000,60,179,113
medium_slate_blue,"""Medium Slate Blue""",#000000,123,104,238
medium_spring_bud,"""Medium Spring Bud""",#000000,201,220,135
medium_spring_green,"""Medium Spring Green""",#000000,0,250,154
medium_taupe,"""Medium Taupe""",#000000,103,76,71
medium_turquoise,"""Medium Turquoise""",#000000,72,209,204
medium_vermilion,"""Medium Vermilion""",#000000,217,96,59
medium_violet-red,"""Medium Violet-Red""",#000000,199,21,133
mellow_apricot,"""Mellow Apricot""",#000000,248,184,120
melon,"""Melon""",#000000,253,188,180
midnight_blue,"""Midnight Blue""",#000000,25,25,112
midnight_green_(eagle_green),"""Midnight Green (Eagle Green)""",#000000,0,73,83
mikado_yellow,"""Mikado Yellow""",#000000,255,196,12
mint,"""Mint""",#000000,62,180,137
mint_cream,"""Mint Cream""",#000000,245,255,250
mint_green,"""Mint Green""",#000000,152,255,152
misty_rose,"""Misty Rose""",#000000,255,228,225
moonstone_blue,"""Moonstone Blue""",#000000,115,169,194
mordant_red_19,"""Mordant Red 19""",#000000,174,12,0
moss_green,"""Moss Green""",#000000,173,223,173
mountain_meadow,"""Mountain Meadow""",#000000,48,186,143
mountbatten_pink,"""Mountbatten Pink""",#000000,153,122,141
msu_green,"""Msu Green""",#000000,24,69,59
mulberry,"""Mulberry""",#000000,197,75,140
mustard,"""Mustard""",#000000,255,219,88
myrtle,"""Myrtle""",#000000,33,66,30
nadeshiko_pink,"""Nadeshiko Pink""",#000000,246,173,198
napier_green,"""Napier Green""",#000000,42,128,0
navajo_white,"""Navajo White""",#000000,255,222,173
navy_blue,"""Navy Blue""",#000000,0,0,128
neon_carrot,"""Neon Carrot""",#000000,255,163,67
neon_fuchsia,"""Neon Fuchsia""",#000000,254,65,100
neon_green,"""Neon Green""",#000000,57,255,20
new_york_pink,"""New York Pink""",#000000,215,131,127
non-photo_blue,"""Non-Photo Blue""",#000000,164,221,237
north_texas_green,"""North Texas Green""",#000000,5,144,51
ocean_boat_blue,"""Ocean Boat Blue""",#000000,0,119,190
ochre,"""Ochre""",#000000,204,119,34
old_gold,"""Old Gold""",#000000,207,181,59
old_lace,"""Old Lace""",#000000,253,245,230
old_lavender,"""Old Lavender""",#000000,121,104,120
old_mauve,"""Old Mauve""",#000000,103,49,71
old_rose,"""Old Rose""",#000000,192,128,129
olive_drab_#7,"""Olive Drab #7""",#000000,60,52,31
olive_drab_(web)_(olive_drab_#3),"""Olive Drab (Web) (Olive Drab #3)""",#000000,107,142,35
olivine,"""Olivine""",#000000,154,185,115
onyx,"""Onyx""",#000000,53,56,57
opera_mauve,"""Opera Mauve""",#000000,183,132,167
orange_(color_wheel),"""Orange (Color Wheel)""",#000000,255,127,0
orange_peel,"""Orange Peel""",#000000,255,159,0
orange-red,"""Orange-Red""",#000000,255,69,0
orange_(ryb),"""Orange (Ryb)""",#000000,251,153,2
orange_(web_color),"""Orange (Web Color)""",#000000,255,165,0
orchid,"""Orchid""",#000000,218,112,214
ou_crimson_red,"""Ou Crimson Red""",#000000,153,0,0
outer_space,"""Outer Space""",#000000,65,74,76
outrageous_orange,"""Outrageous Orange""",#000000,255,110,74
oxford_blue,"""Oxford Blue""",#000000,0,33,71
pakistan_green,"""Pakistan Green""",#000000,0,102,0
palatinate_blue,"""Palatinate Blue""",#000000,39,59,226
palatinate_purple,"""Palatinate Purple""",#000000,104,40,96
pale_blue,"""Pale Blue""",#000000,175,238,238
pale_brown,"""Pale Brown""",#000000,152,118,84
pale_cerulean,"""Pale Cerulean""",#000000,155,196,226
pale_chestnut,"""Pale Chestnut""",#000000,221,173,175
pale_cornflower_blue,"""Pale Cornflower Blue""",#000000,171,205,239
pale_gold,"""Pale Gold""",#000000,230,190,138
pale_goldenrod,"""Pale Goldenrod""",#000000,238,232,170
pale_green,"""Pale Green""",#000000,152,251,152
pale_lavender,"""Pale Lavender""",#000000,220,208,255
pale_magenta,"""Pale Magenta""",#000000,249,132,229
pale_pink,"""Pale Pink""",#000000,250,218,221
pale_red-violet,"""Pale Red-Violet""",#000000,219,112,147
pale_robin_egg_blue,"""Pale Robin Egg Blue""",#000000,150,222,209
pale_silver,"""Pale Silver""",#000000,201,192,187
pale_spring_bud,"""Pale Spring Bud""",#000000,236,235,189
pale_taupe,"""Pale Taupe""",#000000,188,152,126
pansy_purple,"""Pansy Purple""",#000000,120,24,74
papaya_whip,"""Papaya Whip""",#000000,255,239,213
pastel_blue,"""Pastel Blue""",#000000,174,198,207
pastel_brown,"""Pastel Brown""",#000000,131,105,83
pastel_gray,"""Pastel Gray""",#000000,207,207,196
pastel_green,"""Pastel Green""",#000000,119,221,119
pastel_magenta,"""Pastel Magenta""",#000000,244,154,194
pastel_orange,"""Pastel Orange""",#000000,255,179,71
pastel_pink,"""Pastel Pink""",#000000,222,165,164
pastel_purple,"""Pastel Purple""",#000000,179,158,181
pastel_red,"""Pastel Red""",#000000,255,105,97
pastel_violet,"""Pastel Violet""",#000000,203,153,201
pastel_yellow,"""Pastel Yellow""",#000000,253,253,150
patriarch,"""Patriarch""",#000000,128,0,128
peach,"""Peach""",#000000,255,229,180
peach-orange,"""Peach-Orange""",#000000,255,204,153
peach_puff,"""Peach Puff""",#000000,255,218,185
peach-yellow,"""Peach-Yellow""",#000000,250,223,173
pear,"""Pear""",#000000,209,226,49
pearl,"""Pearl""",#000000,234,224,200
pearl_aqua,"""Pearl Aqua""",#000000,136,216,192
pearly_purple,"""Pearly Purple""",#000000,183,104,162
peridot,"""Peridot""",#000000,230,226,0
persian_blue,"""Persian Blue""",#000000,28,57,187
persian_green,"""Persian Green""",#000000,0,166,147
persian_indigo,"""Persian Indigo""",#000000,50,18,122
persian_orange,"""Persian Orange""",#000000,217,144,88
persian_pink,"""Persian Pink""",#000000,247,127,190
persian_plum,"""Persian Plum""",#000000,112,28,28
persian_red,"""Persian Red""",#000000,204,51,51
persian_rose,"""Persian Rose""",#000000,254,40,162
persimmon,"""Persimmon""",#000000,236,88,0
peru,"""Peru""",#000000,205,133,63
phlox,"""Phlox""",#000000,223,0,255
phthalo_blue,"""Phthalo Blue""",#000000,0,15,137
phthalo_green,"""Phthalo Green""",#000000,18,53,36
piggy_pink,"""Piggy Pink""",#000000,253,221,230
pine_green,"""Pine Green""",#000000,1,121,111
pink,"""Pink""",#000000,255,192,203
pink_lace,"""Pink Lace""",#000000,255,221,244
pink_pearl,"""Pink Pearl""",#000000,231,172,207
pink_sherbet,"""Pink Sherbet""",#000000,247,143,167
pistachio,"""Pistachio""",#000000,147,197,114
platinum,"""Platinum""",#000000,229,228,226
plum_(traditional),"""Plum (Traditional)""",#000000,142,69,133
portland_orange,"""Portland Orange""",#000000,255,90,54
powder_blue_(web),"""Powder Blue (Web)""",#000000,176,224,230
princeton_orange,"""Princeton Orange""",#000000,255,143,0
prussian_blue,"""Prussian Blue""",#000000,0,49,83
puce,"""Puce""",#000000,204,136,153
pumpkin,"""Pumpkin""",#000000,255,117,24
purple_heart,"""Purple Heart""",#000000,105,53,156
purple_mountain_majesty,"""Purple Mountain Majesty""",#000000,150,120,182
purple_(munsell),"""Purple (Munsell)""",#000000,159,0,197
purple_pizzazz,"""Purple Pizzazz""",#000000,254,78,218
purple_taupe,"""Purple Taupe""",#000000,80,64,77
purple_(x11),"""Purple (X11)""",#000000,160,32,240
quartz,"""Quartz""",#000000,81,72,79
radical_red,"""Radical Red""",#000000,255,53,94
rajah,"""Rajah""",#000000,251,171,96
raspberry,"""Raspberry""",#000000,227,11,93
raspberry_pink,"""Raspberry Pink""",#000000,226,80,152
raspberry_rose,"""Raspberry Rose""",#000000,179,68,108
raw_umber,"""Raw Umber""",#000000,130,102,68
razzle_dazzle_rose,"""Razzle Dazzle Rose""",#000000,255,51,204
razzmatazz,"""Razzmatazz""",#000000,227,37,107
red,"""Red""",#000000,255,0,0
red_devil,"""Red Devil""",#000000,134,1,17
red_(munsell),"""Red (Munsell)""",#000000,242,0,60
red_(ncs),"""Red (Ncs)""",#000000,196,2,51
red-orange,"""Red-Orange""",#000000,255,83,73
red_(pigment),"""Red (Pigment)""",#000000,237,28,36
red_(ryb),"""Red (Ryb)""",#000000,254,39,18
redwood,"""Redwood""",#000000,171,78,82
regalia,"""Regalia""",#000000,82,45,128
resolution_blue,"""Resolution Blue""",#000000,0,35,135
rich_black,"""Rich Black""",#000000,0,64,64
rich_brilliant_lavender,"""Rich Brilliant Lavender""",#000000,241,167,254
rich_electric_blue,"""Rich Electric Blue""",#000000,8,146,208
rich_lavender,"""Rich Lavender""",#000000,167,107,207
rich_lilac,"""Rich Lilac""",#000000,182,102,210
rifle_green,"""Rifle Green""",#000000,65,72,51
robin_egg_blue,"""Robin Egg Blue""",#000000,0,204,204
rose_bonbon,"""Rose Bonbon""",#000000,249,66,158
rose_ebony,"""Rose Ebony""",#000000,103,72,70
rose_gold,"""Rose Gold""",#000000,183,110,121
rose_pink,"""Rose Pink""",#000000,255,102,204
rose_quartz,"""Rose Quartz""",#000000,170,152,169
rose_taupe,"""Rose Taupe""",#000000,144,93,93
rosewood,"""Rosewood""",#000000,101,0,11
rosso_corsa,"""Rosso Corsa""",#000000,212,0,0
rosy_brown,"""Rosy Brown""",#000000,188,143,143
royal_azure,"""Royal Azure""",#000000,0,56,168
royal_blue_(traditional),"""Royal Blue (Traditional)""",#000000,0,35,102
royal_blue_(web),"""Royal Blue (Web)""",#000000,65,105,225
royal_fuchsia,"""Royal Fuchsia""",#000000,202,44,146
royal_purple,"""Royal Purple""",#000000,120,81,169
rubine_red,"""Rubine Red""",#000000,209,0,86
ruby,"""Ruby""",#000000,224,17,95
ruby_red,"""Ruby Red""",#000000,155,17,30
ruddy,"""Ruddy""",#000000,255,0,40
ruddy_brown,"""Ruddy Brown""",#000000,187,101,40
ruddy_pink,"""Ruddy Pink""",#000000,225,142,150
rufous,"""Rufous""",#000000,168,28,7
russet,"""Russet""",#000000,128,70,27
rust,"""Rust""",#000000,183,65,14
rusty_red,"""Rusty Red""",#000000,218,44,67
sacramento_state_green,"""Sacramento State Green""",#000000,0,86,63
saddle_brown,"""Saddle Brown""",#000000,139,69,19
safety_orange_(blaze_orange),"""Safety Orange (Blaze Orange)""",#000000,255,103,0
saffron,"""Saffron""",#000000,244,196,48
salmon,"""Salmon""",#000000,255,140,105
salmon_pink,"""Salmon Pink""",#000000,255,145,164
sandstorm,"""Sandstorm""",#000000,236,213,64
sandy_brown,"""Sandy Brown""",#000000,244,164,96
sangria,"""Sangria""",#000000,146,0,10
sap_green,"""Sap Green""",#000000,80,125,42
sapphire,"""Sapphire""",#000000,15,82,186
satin_sheen_gold,"""Satin Sheen Gold""",#000000,203,161,53
scarlet,"""Scarlet""",#000000,255,36,0
scarlet_(crayola),"""Scarlet (Crayola)""",#000000,253,14,53
school_bus_yellow,"""School Bus Yellow""",#000000,255,216,0
screamin'_green,"""Screamin' Green""",#000000,118,255,122
sea_blue,"""Sea Blue""",#000000,0,105,148
sea_green,"""Sea Green""",#000000,46,139,87
seal_brown,"""Seal Brown""",#000000,50,20,20
seashell,"""Seashell""",#000000,255,245,238
selective_yellow,"""Selective Yellow""",#000000,255,186,0
sepia,"""Sepia""",#000000,112,66,20
shadow,"""Shadow""",#000000,138,121,93
shamrock_green,"""Shamrock Green""",#000000,0,158,96
shocking_pink,"""Shocking Pink""",#000000,252,15,192
shocking_pink_(crayola),"""Shocking Pink (Crayola)""",#000000,255,111,255
sienna,"""Sienna""",#000000,136,45,23
silver,"""Silver""",#000000,192,192,192
sinopia,"""Sinopia""",#000000,203,65,11
skobeloff,"""Skobeloff""",#000000,0,116,116
sky_blue,"""Sky Blue""",#000000,135,206,235
sky_magenta,"""Sky Magenta""",#000000,207,113,175
slate_blue,"""Slate Blue""",#000000,106,90,205
slate_gray,"""Slate Gray""",#000000,112,128,144
smokey_topaz,"""Smokey Topaz""",#000000,147,61,65
smoky_black,"""Smoky Black""",#000000,16,12,8
snow,"""Snow""",#000000,255,250,250
spiro_disco_ball,"""Spiro Disco Ball""",#000000,15,192,252
spring_bud,"""Spring Bud""",#000000,167,252,0
st._patrick's_blue,"""St. Patrick'S Blue""",#000000,35,41,122
steel_blue,"""Steel Blue""",#000000,70,130,180
stormcloud,"""Stormcloud""",#000000,79,102,106
straw,"""Straw""",#000000,228,217,111
sunglow,"""Sunglow""",#000000,255,204,51
tan,"""Tan""",#000000,210,180,140
tangelo,"""Tangelo""",#000000,249,77,0
tangerine,"""Tangerine""",#000000,242,133,0
tangerine_yellow,"""Tangerine Yellow""",#000000,255,204,0
taupe_gray,"""Taupe Gray""",#000000,139,133,137
tea_green,"""Tea Green""",#000000,208,240,192
teal,"""Teal""",#000000,0,128,128
teal_blue,"""Teal Blue""",#000000,54,117,136
teal_green,"""Teal Green""",#000000,0,130,127
telemagenta,"""Telemagenta""",#000000,207,52,118
tenné_(tawny),"""Tenné (Tawny)""",#000000,205,87,0
terra_cotta,"""Terra Cotta""",#000000,226,114,91
thistle,"""Thistle""",#000000,216,191,216
tickle_me_pink,"""Tickle Me Pink""",#000000,252,137,172
tiffany_blue,"""Tiffany Blue""",#000000,10,186,181
tiger's_eye,"""Tiger'S Eye""",#000000,224,141,60
timberwolf,"""Timberwolf""",#000000,219,215,210
titanium_yellow,"""Titanium Yellow""",#000000,238,230,0
tomato,"""Tomato""",#000000,255,99,71
toolbox,"""Toolbox""",#000000,116,108,192
topaz,"""Topaz""",#000000,255,200,124
tropical_rain_forest,"""Tropical Rain Forest""",#000000,0,117,94
true_blue,"""True Blue""",#000000,0,115,207
tufts_blue,"""Tufts Blue""",#000000,65,125,193
tumbleweed,"""Tumbleweed""",#000000,222,170,136
turkish_rose,"""Turkish Rose""",#000000,181,114,129
turquoise,"""Turquoise""",#000000,48,213,200
turquoise_blue,"""Turquoise Blue""",#000000,0,255,239
turquoise_green,"""Turquoise Green""",#000000,160,214,180
tuscan_red,"""Tuscan Red""",#000000,124,72,72
twilight_lavender,"""Twilight Lavender""",#000000,138,73,107
tyrian_purple,"""Tyrian Purple""",#000000,102,2,60
ua_blue,"""Ua Blue""",#000000,0,51,170
ua_red,"""Ua Red""",#000000,217,0,76
ube,"""Ube""",#000000,136,120,195
ucla_blue,"""Ucla Blue""",#000000,83,104,149
ucla_gold,"""Ucla Gold""",#000000,255,179,0
ufo_green,"""Ufo Green""",#000000,60,208,112
ultramarine,"""Ultramarine""",#000000,18,10,143
ultramarine_blue,"""Ultramarine Blue""",#000000,65,102,245
umber,"""Umber""",#000000,99,81,71
unbleached_silk,"""Unbleached Silk""",#000000,255,221,202
united_nations_blue,"""United Nations Blue""",#000000,91,146,229
university_of_california_gold,"""University Of California Gold""",#000000,183,135,39
unmellow_yellow,"""Unmellow Yellow""",#000000,255,255,102
up_maroon,"""Up Maroon""",#000000,123,17,19
upsdell_red,"""Upsdell Red""",#000000,174,32,41
urobilin,"""Urobilin""",#000000,225,173,33
usafa_blue,"""Usafa Blue""",#000000,0,79,152
utah_crimson,"""Utah Crimson""",#000000,211,0,63
vegas_gold,"""Vegas Gold""",#000000,197,179,88
venetian_red,"""Venetian Red""",#000000,200,8,21
verdigris,"""Verdigris""",#000000,67,179,174
violet-blue,"""Violet-Blue""",#000000,50,74,178
violet_(color_wheel),"""Violet (Color Wheel)""",#000000,127,0,255
violet_(ryb),"""Violet (Ryb)""",#000000,134,1,175
viridian,"""Viridian""",#000000,64,130,109
vivid_auburn,"""Vivid Auburn""",#000000,146,39,36
vivid_burgundy,"""Vivid Burgundy""",#000000,159,29,53
vivid_cerise,"""Vivid Cerise""",#000000,218,29,129
vivid_tangerine,"""Vivid Tangerine""",#000000,255,160,137
vivid_violet,"""Vivid Violet""",#000000,159,0,255
warm_black,"""Warm Black""",#000000,0,66,66
waterspout,"""Waterspout""",#000000,164,244,249
wenge,"""Wenge""",#000000,100,84,82
wheat,"""Wheat""",#000000,245,222,179
white,"""White""",#000000,255,255,255
white_smoke,"""White Smoke""",#000000,245,245,245
wild_blue_yonder,"""Wild Blue Yonder""",#000000,162,173,208
wild_strawberry,"""Wild Strawberry""",#000000,255,67,164
wild_watermelon,"""Wild Watermelon""",#000000,252,108,133
wine,"""Wine""",#000000,114,47,55
wisteria,"""Wisteria""",#000000,201,160,220
xanadu,"""Xanadu""",#000000,115,134,120
yale_blue,"""Yale Blue""",#000000,15,77,146
yellow-green,"""Yellow-Green""",#000000,154,205,50
yellow_(munsell),"""Yellow (Munsell)""",#000000,239,204,0
yellow_(ncs),"""Yellow (Ncs)""",#000000,255,211,0
yellow_orange,"""Yellow Orange""",#000000,255,174,66
yellow_(ryb),"""Yellow (Ryb)""",#000000,254,254,51
zaffre,"""Zaffre""",#000000,0,20,168
zinnwaldite_brown,"""Zinnwaldite Brown""",#000000,44,22,8
black,"""Black""",#000000,10,5,2
black,"""Black""",#000000,17,0,17
black,"""Black""",#000000,29,24,23
blue,"""Blue""",#000000,0,51,119
blue,"""Blue""",#000000,0,72,186
blue,"""Blue""",#000000,0,117,179
blue,"""Blue""",#000000,0,119,179
blue,"""Blue""",#000000,1,56,106
blue,"""Blue""",#000000,1,101,252
blue,"""Blue""",#000000,2,0,53
blue,"""Blue""",#000000,12,191,233
blue,"""Blue""",#000000,15,59,87
blue,"""Blue""",#000000,25,116,210
blue,"""Blue""",#000000,26,193,221
blue,"""Blue""",#000000,34,130,168
blue,"""Blue""",#000000,36,160,237
blue,"""Blue""",#000000,65,253,254
blue,"""Blue""",#000000,79,115,142
blue,"""Blue""",#000000,109,169,210
blue,"""Blue""",#000000,132,173,219
brown,"""Brown""",#000000,74,44,42
brown,"""Brown""",#000000,89,60,57
brown,"""Brown""",#000000,115,98,74
brown,"""Brown""",#000000,122,106,79
brown,"""Brown""",#000000,126,57,47
brown,"""Brown""",#000000,127,98,68
brown,"""Brown""",#000000,133,94,66
brown,"""Brown""",#000000,135,110,75
brown,"""Brown""",#000000,149,69,53
brown,"""Brown""",#000000,152,98,60
brown,"""Brown""",#000000,153,102,51
brown,"""Brown""",#000000,158,91,64
brown,"""Brown""",#000000,159,125,79
brown,"""Brown""",#000000,161,114,73
brown,"""Brown""",#000000,168,121,0
brown,"""Brown""",#000000,176,114,74
brown,"""Brown""",#000000,182,158,135
brown,"""Brown""",#000000,184,122,89
brown,"""Brown""",#000000,187,136,85
brown,"""Brown""",#000000,204,136,51
brown,"""Brown""",#000000,226,194,142
green,"""Green""",#000000,0,100,0
green,"""Green""",#000000,3,53,0
green,"""Green""",#000000,17,87,74
green,"""Green""",#000000,51,184,100
green,"""Green""",#000000,60,141,13
green,"""Green""",#000000,84,172,104
green,"""Green""",#000000,102,205,170
green,"""Green""",#000000,118,181,131
grey,"""Grey""",#000000,54,55,55
grey,"""Grey""",#000000,78,85,82
grey,"""Grey""",#000000,94,94,94
grey,"""Grey""",#000000,102,106,109
grey,"""Grey""",#000000,113,112,110
grey,"""Grey""",#000000,114,122,124
grey,"""Grey""",#000000,125,127,124
grey,"""Grey""",#000000,130,134,138
grey,"""Grey""",#000000,131,132,146
grey,"""Grey""",#000000,135,141,145
grey,"""Grey""",#000000,149,145,140
grey,"""Grey""",#000000,152,150,164
grey,"""Grey""",#000000,156,155,152
grey,"""Grey""",#000000,159,159,159
grey,"""Grey""",#000000,168,169,168
grey,"""Grey""",#000000,169,176,180
grey,"""Grey""",#000000,171,175,174
grey,"""Grey""",#000000,182,181,184
grey,"""Grey""",#000000,187,187,187
orange,"""Orange""",#000000,235,97,35
orange,"""Orange""",#000000,253,111,59
orange,"""Orange""",#000000,254,103,0
orange,"""Orange""",#000000,255,53,3
orange,"""Orange""",#000000,255,87,33
orange,"""Orange""",#000000,255,95,0
orange,"""Orange""",#000000,255,102,0
orange,"""Orange""",#000000,255,112,52
orange,"""Orange""",#000000,255,113,36
orange,"""Orange""",#000000,255,141,40
orange,"""Orange""",#000000,255,160,0
violet,"""Violet""",#000000,65,0,86
violet,"""Violet""",#000000,114,0,88
violet,"""Violet""",#000000,122,84,127
violet,"""Violet""",#000000,127,62,152
violet,"""Violet""",#000000,128,55,144
violet,"""Violet""",#000000,137,69,133
violet,"""Violet""",#000000,154,44,160
violet,"""Violet""",#000000,156,81,182
violet,"""Violet""",#000000,158,67,162
violet,"""Violet""",#000000,164,66,160
violet,"""Violet""",#000000,173,10,253
violet,"""Violet""",#000000,181,110,220
violet,"""Violet""",#000000,183,144,212
violet,"""Violet""",#000000,188,19,254
violet,"""Violet""",#000000,191,119,246
violet,"""Violet""",#000000,204,0,255
white,"""White""",#000000,188,192,204
white,"""White""",#000000,191,189,193
white,"""White""",#000000,191,200,195
white,"""White""",#000000,192,198,201
white,"""White""",#000000,197,198,199
white,"""White""",#000000,198,197,198
white,"""White""",#000000,201,202,209
white,"""White""",#000000,205,204,208
white,"""White""",#000000,210,209,205
white,"""White""",#000000,214,215,210
white,"""White""",#000000,217,223,224
white,"""White""",#000000,236,236,236
yellow,"""Yellow""",#000000,213,182,10
yellow,"""Yellow""",#000000,223,255,79
yellow,"""Yellow""",#000000,252,209,22
yellow,"""Yellow""",#000000,252,252,93
yellow,"""Yellow""",#000000,253,220,92
yellow,"""Yellow""",#000000,254,255,127
yellow,"""Yellow""",#000000,255,227,2
yellow,"""Yellow""",#000000,255,252,121
yellow,"""Yellow""",#000000,255,253,1
yellow,"""Yellow""",#000000,255,254,64
yellow,"""Yellow""",#000000,255,254,122
yellow,"""Yellow""",#000000,255,255,17
yellow,"""Yellow""",#000000,255,255,20
yellow,"""Yellow""",#000000,255,255,51
